[
  {
    "title": "Software Engineer",
    "company": "Recruitment Room",
    "location": "San Francisco, California",
    "salary_min": 125106.59,
    "salary_max": 125106.59,
    "salary_currency": "USD",
    "employment_type": "Full-time",
    "experience_level": "Mid-level",
    "skills": "AI",
    "description": "Job Description Job Description Software Engineer – Conversational AI Platform",
    "posted_date": "2025-09-22T11:39:33Z",
    "application_url": "https://www.adzuna.com/land/ad/5410678230?se=IJFFfDiZ8BGtF-Yn1mIJCg&utm_medium=api&utm_source=f629e1cc&v=EB4AF1048A5FA1F86088529855F85E717CE21588",
    "remote_ok": 0
  },
  {
    "title": "Software Engineer",
    "company": "Qode",
    "location": "San Francisco, California",
    "salary_min": 108861.81,
    "salary_max": 108861.81,
    "salary_currency": "USD",
    "employment_type": "Full-time",
    "experience_level": "Mid-level",
    "skills": "",
    "description": "Job Description Job Description Software Engineer Location: San Francisco, USA Workplace Type: Hybrid About the Role We are seeking a talented and passionate Software Engineer to join our dynamic engineering team. As a Software Engineer, you will be responsible for designing, developing, testing, and deploying high-quality software solutions that meet our business needs. You will collaborate with cross-functional teams, including product managers, designers, and other engineers, to deliver inno…",
    "posted_date": "2025-09-17T01:18:39Z",
    "application_url": "https://www.adzuna.com/land/ad/5402684112?se=IJFFfDiZ8BGtF-Yn1mIJCg&utm_medium=api&utm_source=f629e1cc&v=9306838C33143AF84F6E8BCC5797CEFF31213DD6",
    "remote_ok": 0
  },
  {
    "title": "Software Engineer",
    "company": "SendGrid",
    "location": "Hayes Valley, San Francisco",
    "salary_min": 195675.27,
    "salary_max": 195675.27,
    "salary_currency": "USD",
    "employment_type": "Full-time",
    "experience_level": "Mid-level",
    "skills": "",
    "description": "At Twilio, we’re shaping the future of communications, all from the comfort of our homes. We deliver innovative solutions to hundreds of thousands of businesses and empower millions of developers worldwide to craft personalized customer experiences. Our dedication to remote-first work, and strong culture of connection and global inclusion means that no matter your location, you’re part of a vibrant team with diverse experiences making a global impact each day. As we continue to revolutionize ho…",
    "posted_date": "2025-09-03T12:47:24Z",
    "application_url": "https://www.adzuna.com/land/ad/5381313784?se=IJFFfDiZ8BGtF-Yn1mIJCg&utm_medium=api&utm_source=f629e1cc&v=967E29393FD5E8791190401D292478573D31056D",
    "remote_ok": 1
  },
  {
    "title": "Software Engineering",
    "company": "Samsara",
    "location": "Hayes Valley, San Francisco",
    "salary_min": 168320.73,
    "salary_max": 168320.73,
    "salary_currency": "USD",
    "employment_type": "Full-time",
    "experience_level": "Mid-level",
    "skills": "AI",
    "description": "Samsara (NYSE: IOT) is the pioneer of the Connected Operations™ Cloud, which is a platform that enables organizations that depend on physical operations to harness Internet of Things (IoT) data to develop actionable insights and improve their operations. At Samsara, we are helping improve the safety, efficiency and sustainability of the physical operations that power our global economy. Representing more than 40% of global GDP, these industries are the infrastructure of our planet, including ag…",
    "posted_date": "2025-09-18T12:06:29Z",
    "application_url": "https://www.adzuna.com/land/ad/5404911386?se=IJFFfDiZ8BGtF-Yn1mIJCg&utm_medium=api&utm_source=f629e1cc&v=00D758FFFC7A1495509E5C4BFDE4DFB82DAC7A12",
    "remote_ok": 0
  },
  {
    "title": "Senior Software Engineer",
    "company": "VAST Data",
    "location": "Hayes Valley, San Francisco",
    "salary_min": 199131.6,
    "salary_max": 199131.6,
    "salary_currency": "USD",
    "employment_type": "Full-time",
    "experience_level": "Mid-level",
    "skills": "",
    "description": "VAST Data is looking for a Senior Software Engineer to join our growing team! This is a great opportunity to join one of the fastest-growing infrastructure companies in history, an organization that is in the center of the hurricane being created by the revolution in artificial intelligence. Take part in the design and implementation of the internals of the next-generation hugely scalable and highly performant analytical and vector database. \"VASTs data management vision is the future of the ma…",
    "posted_date": "2025-08-30T12:32:59Z",
    "application_url": "https://www.adzuna.com/land/ad/5375174009?se=IJFFfDiZ8BGtF-Yn1mIJCg&utm_medium=api&utm_source=f629e1cc&v=DF1C1E0A64F5615571A88A4B45E31BBD3FD32BAE",
    "remote_ok": 0
  },
  {
    "title": "Software Engineer, Compute",
    "company": "Vercel",
    "location": "Hayes Valley, San Francisco",
    "salary_min": 214874.03,
    "salary_max": 214874.03,
    "salary_currency": "USD",
    "employment_type": "Full-time",
    "experience_level": "Mid-level",
    "skills": "AI",
    "description": "Vercel gives developers the tools and cloud infrastructure to build, scale, and secure a faster, more personalized web. As the team behind v0, Next.js, and AI SDK, Vercel helps customers like Ramp, Supreme, PayPal, and Under Armour build for the AI-native web. Our mission is to enable the world to ship the best products. That starts with creating a place where everyone can do their best work. Whether youre building on our platform, supporting our customers, or shaping our story: You can just sh…",
    "posted_date": "2025-08-08T10:37:39Z",
    "application_url": "https://www.adzuna.com/land/ad/5343800628?se=IJFFfDiZ8BGtF-Yn1mIJCg&utm_medium=api&utm_source=f629e1cc&v=E95238AE1D79E95AC7A886A61BCA2AA4E35947C0",
    "remote_ok": 0
  },
  {
    "title": "Software Engineer, Accounts",
    "company": "Vercel",
    "location": "Hayes Valley, San Francisco",
    "salary_min": 141440.1,
    "salary_max": 141440.1,
    "salary_currency": "USD",
    "employment_type": "Full-time",
    "experience_level": "Mid-level",
    "skills": "AI",
    "description": "Vercel gives developers the tools and cloud infrastructure to build, scale, and secure a faster, more personalized web. As the team behind v0, Next.js, and AI SDK, Vercel helps customers like Ramp, Supreme, PayPal, and Under Armour build for the AI-native web. Our mission is to enable the world to ship the best products. That starts with creating a place where everyone can do their best work. Whether youre building on our platform, supporting our customers, or shaping our story: You can just sh…",
    "posted_date": "2025-08-08T10:38:19Z",
    "application_url": "https://www.adzuna.com/land/ad/5343801370?se=IJFFfDiZ8BGtF-Yn1mIJCg&utm_medium=api&utm_source=f629e1cc&v=ED492665ADA9ABB4E4F2A83D07140E06E4CA4F6B",
    "remote_ok": 0
  },
  {
    "title": "Software Engineer, Edge",
    "company": "Vercel",
    "location": "Hayes Valley, San Francisco",
    "salary_min": 243134.73,
    "salary_max": 243134.73,
    "salary_currency": "USD",
    "employment_type": "Full-time",
    "experience_level": "Mid-level",
    "skills": "AI",
    "description": "Vercel gives developers the tools and cloud infrastructure to build, scale, and secure a faster, more personalized web. As the team behind v0, Next.js, and AI SDK, Vercel helps customers like Ramp, Supreme, PayPal, and Under Armour build for the AI-native web. Our mission is to enable the world to ship the best products. That starts with creating a place where everyone can do their best work. Whether youre building on our platform, supporting our customers, or shaping our story: You can just sh…",
    "posted_date": "2025-08-08T10:20:15Z",
    "application_url": "https://www.adzuna.com/land/ad/5343789549?se=IJFFfDiZ8BGtF-Yn1mIJCg&utm_medium=api&utm_source=f629e1cc&v=1FCF1C31F4FFF9B538C545D9F9921AD73EC43043",
    "remote_ok": 0
  },
  {
    "title": "Python Developer",
    "company": "Axelon Services Corporation",
    "location": "New York City, New York",
    "salary_min": 122079.77,
    "salary_max": 122079.77,
    "salary_currency": "USD",
    "employment_type": "Full-time",
    "experience_level": "Mid-level",
    "skills": "Python, AI",
    "description": "Python Developer NYC, NY 12 Months Onsite open to C2C Pay rate: $60.00/Hr JOB SUMMARY: The qualified candidate will be working in the Revenue Fare Management Systems team performing back office web application development. Their work will support the Rail Road's legacy revenue applications and aid in ramping up development efforts for the New Fare Payment System project and the roadmap to merge and unify LIRR and MNR revenue applications. REQUIREMENTS: • Accomplished at collaborating with cross…",
    "posted_date": "2025-09-20T13:17:38Z",
    "application_url": "https://www.adzuna.com/land/ad/5408540209?se=vFJGfTiZ8BGtF-Yn1mIJCg&utm_medium=api&utm_source=f629e1cc&v=63A74563776B5C2FBAA27DBAD79CBFEAF38BB256",
    "remote_ok": 0
  },
  {
    "title": "Python Developer - NJ",
    "company": "ManpowerGroup",
    "location": "Tyler Park, Hudson County",
    "salary_min": 99448.55,
    "salary_max": 99448.55,
    "salary_currency": "USD",
    "employment_type": "Full-time",
    "experience_level": "Mid-level",
    "skills": "Python",
    "description": "Our client, a leading player in the financial services industry, is seeking a Python Developer to join their team. As a Python Developer, you will be part of the software development team supporting critical applications for the Independent Price Verification process. The ideal candidate will have strong problem-solving skills, excellent communication abilities, and a passion for learning new technologies, which will align successfully in the organization. Job Title: Python Developer Location: …",
    "posted_date": "2025-08-19T17:41:18Z",
    "application_url": "https://www.adzuna.com/land/ad/5359427298?se=vFJGfTiZ8BGtF-Yn1mIJCg&utm_medium=api&utm_source=f629e1cc&v=EA3542A6B48A4B74F67194ED4BC9ECBF70A4F7B5",
    "remote_ok": 0
  },
  {
    "title": "Senior Python Developer",
    "company": "CGI Technologies and Solutions, Inc.",
    "location": "Tyler Park, Hudson County",
    "salary_min": 190870.48,
    "salary_max": 190870.48,
    "salary_currency": "USD",
    "employment_type": "Full-time",
    "experience_level": "Mid-level",
    "skills": "Python, AI",
    "description": "Senior Python Developer Category: Software Development/ Engineering Main location: United States, New Jersey, Jersey City Position ID: J0925-0942 Employment Type: Full Time U.S. - The best version of me (https://youtu.be/YSXgCJSXL44) By playing this video you consent to Google/YouTube processing your data and using cookies -Learn more (xweb.asp?clid=21001&page=cookiespolicyintegrationofyoutube) . Position Description: The Finance & Risk Solutions is responsible for the implementation of third p…",
    "posted_date": "2025-09-16T18:40:56Z",
    "application_url": "https://www.adzuna.com/land/ad/5402233957?se=vFJGfTiZ8BGtF-Yn1mIJCg&utm_medium=api&utm_source=f629e1cc&v=DC80086E1ECD1855296679FD35195BC8CF02810E",
    "remote_ok": 0
  },
  {
    "title": "Python Developer",
    "company": "Akaasa Technologies",
    "location": "Jersey City, Hudson County",
    "salary_min": 143052.62,
    "salary_max": 143052.62,
    "salary_currency": "USD",
    "employment_type": "Full-time",
    "experience_level": "Mid-level",
    "skills": "Python",
    "description": "Python Developer for a contract position with a client in New Jersey, NJ (Hybrid). You will design and build scalable data solutions using Python, PySpark, and Big Data technologies, including HDFS and Impala, to support financial valuation and Independent Price Verification (IPV) processes within the Quartz platform. RESPONSIBILITIES: Design and implement a Finance Data Lake on HDFS to support enterprise-wide financial data management and analytics. Develop robust data transfer tools to replic…",
    "posted_date": "2025-09-16T14:54:05Z",
    "application_url": "https://www.adzuna.com/details/5401672447?utm_medium=api&utm_source=f629e1cc",
    "remote_ok": 0
  },
  {
    "title": "Python Developer",
    "company": "Vibotek LLC",
    "location": "Jersey City, Hudson County",
    "salary_min": 91950.59,
    "salary_max": 91950.59,
    "salary_currency": "USD",
    "employment_type": "Full-time",
    "experience_level": "Mid-level",
    "skills": "Python, REST",
    "description": "We're Hiring: Python Developer Location: Jersey City, NJ Employment Type: Full-Time (W2) Are you a skilled Python Developer ready to take on a dynamic role in the financial tech industry? Looking for experienced developers to join our team in Jersey City, NJ. Youll work on innovative applications used for Independent Price Verification (IPV) within the Global Markets business. Key Responsibilities: Develop object-oriented Python software on the proprietary Quartz platform. Build REST APIs and d…",
    "posted_date": "2025-09-02T08:39:05Z",
    "application_url": "https://www.adzuna.com/details/5379549814?utm_medium=api&utm_source=f629e1cc",
    "remote_ok": 0
  },
  {
    "title": "Python Developer",
    "company": "Laboro",
    "location": "New York City, New York",
    "salary_min": 85483.62,
    "salary_max": 85483.62,
    "salary_currency": "USD",
    "employment_type": "Full-time",
    "experience_level": "Mid-level",
    "skills": "Python",
    "description": "Description Laboro is seeking a talented MID_SENIOR Python Developer to join our dynamic Information Technology/IT team in New York. As a Python Developer, you will be responsible for developing high-quality software solutions, collaborating with cross-functional teams, and contributing to the innovation and growth of our projects. This is a full-time position that requires on-site work, offering a stimulating environment for professional development and career advancement. Responsibilities: De…",
    "posted_date": "2025-05-07T19:13:17Z",
    "application_url": "https://www.adzuna.com/details/5187454042?utm_medium=api&utm_source=f629e1cc",
    "remote_ok": 0
  },
  {
    "title": "Python Developers",
    "company": "ManpowerGroup",
    "location": "Tyler Park, Hudson County",
    "salary_min": 97661.77,
    "salary_max": 97661.77,
    "salary_currency": "USD",
    "employment_type": "Full-time",
    "experience_level": "Mid-level",
    "skills": "Python",
    "description": "Our client in the financial industry is seeking experienced Python Developers to join their team. As a Python Developer, you will be part of the application architecture and programming team supporting various projects. The ideal candidate will have strong communication skills, experience in the financial industry, and a passion for building solutions E2E. Job Title: Python Developer Location: Jersey City Pay Range: $68.26-$73.68 per hour What's the Job?  Lead code design and delivery tasks wit…",
    "posted_date": "2025-04-20T11:56:23Z",
    "application_url": "https://www.adzuna.com/land/ad/5154464547?se=vFJGfTiZ8BGtF-Yn1mIJCg&utm_medium=api&utm_source=f629e1cc&v=0EABD5ABF89A01DF60C1D0B86985BA3F2814727E",
    "remote_ok": 0
  },
  {
    "title": "Python Developer",
    "company": "IT Solutions INC",
    "location": "Jersey City, Hudson County",
    "salary_min": 63276.86,
    "salary_max": 63276.86,
    "salary_currency": "USD",
    "employment_type": "Full-time",
    "experience_level": "Mid-level",
    "skills": "Python, React",
    "description": "Job Description Job Description Role: Python Developer Location: Jersey City, NJ (3 days onsite 2 days remote) Look for nearby Candidates (only w2 with 12 months visa validity candidates) Years of Experience required : 7 Yr Visa: USC,GC,GC EAD, H4 EAD Must Have skills: Python and React Resource should be able to: Code solutions and unit test to deliver a requirement/story per the defined acceptance criteria and compliance requirements. Utilize multiple architectural components (across data, app…",
    "posted_date": "2025-09-21T01:10:03Z",
    "application_url": "https://www.adzuna.com/details/5409393169?utm_medium=api&utm_source=f629e1cc",
    "remote_ok": 1
  },
  {
    "title": "Python Developer",
    "company": "Black Rock Solutions Corporation",
    "location": "Jersey City, Hudson County",
    "salary_min": 149177.95,
    "salary_max": 149177.95,
    "salary_currency": "USD",
    "employment_type": "Full-time",
    "experience_level": "Mid-level",
    "skills": "Python, AI",
    "description": "Job Description Job Description Role Overview Senior developer that will be responsible for developing, enhancing, modifying and/or maintaining application used for Independent Price Verification process for the Global Markets business. Role Specific Responsibilities Below are the responsibilities separated into daily tasks and key priorities to clarify expectations: Daily Tasks Develop object-oriented software in Python on the proprietary Quartz platform. Implement and maintain data transfer t…",
    "posted_date": "2025-08-29T14:07:19Z",
    "application_url": "https://www.adzuna.com/details/5373682108?utm_medium=api&utm_source=f629e1cc",
    "remote_ok": 0
  },
  {
    "title": "Python Developer",
    "company": "skillsoniq",
    "location": "Greeley Square, Manhattan",
    "salary_min": 105734.3,
    "salary_max": 105734.3,
    "salary_currency": "USD",
    "employment_type": "Full-time",
    "experience_level": "Mid-level",
    "skills": "Python, AI",
    "description": "Job Responsibilities: Writing reusable, testable, and efficient code Design and implementation of low-latency, high-availability, and performant applications Integration of user-facing elements developed by front-end developers with server side logic Implementation of security and data protection Integration of data storage solutions {{may include databases, key-value stores, blob stores, etc.}} {{Add other responsibilities here that are relevant}} Job Skills: Expert in Python, with knowledge o…",
    "posted_date": "2024-07-31T10:15:34Z",
    "application_url": "https://www.adzuna.com/details/4802617109?utm_medium=api&utm_source=f629e1cc",
    "remote_ok": 0
  },
  {
    "title": "Data Scientist",
    "company": "Foursquare",
    "location": "Times Square, King County",
    "salary_min": 191087.95,
    "salary_max": 191087.95,
    "salary_currency": "USD",
    "employment_type": "Full-time",
    "experience_level": "Mid-level",
    "skills": "Git",
    "description": "Foursquare is the leading independent location technology and data cloud platform, helping businesses connect the digital and physical worlds with precision and purpose. Our products power everything from market analytics to targeted experiences, relied on by some of the world’s most iconic brands. But what makes Foursquare truly special is how we work. Were a team of builders, problem-solvers, and collaborators who care deeply about impact – both in the products we ship and the way we show up …",
    "posted_date": "2025-09-22T12:23:15Z",
    "application_url": "https://www.adzuna.com/land/ad/5410742108?se=SrRefziZ8BGhTLTjTRWxFQ&utm_medium=api&utm_source=f629e1cc&v=F2CDC42F2579629184A21035BD05AD569B48C17A",
    "remote_ok": 0
  },
  {
    "title": "Data Scientist",
    "company": "Meta",
    "location": "Bellevue, King County",
    "salary_min": 139245.28,
    "salary_max": 139245.28,
    "salary_currency": "USD",
    "employment_type": "Full-time",
    "experience_level": "Mid-level",
    "skills": "Data Science",
    "description": "Summary: Meta is seeking a highly skilled Data Scientist to join our Infrastructure Data Centers team. As a lead data scientist, you will partner with stakeholders, program managers, and other data science functions to translate Meta's Infrastructure Data Centers' data into value. You will have the opportunity to work on a wide range of data science projects, such as developing an analytics program to drive operational efficiency, conducting strategic analysis to facilitate decision making, mea…",
    "posted_date": "2025-08-18T17:45:27Z",
    "application_url": "https://www.adzuna.com/land/ad/5357866557?se=SrRefziZ8BGhTLTjTRWxFQ&utm_medium=api&utm_source=f629e1cc&v=1E2DB1722E0C0BBD6F92581F62EF0A620822E7F7",
    "remote_ok": 0
  },
  {
    "title": "Principal Data Scientist",
    "company": "Oracle",
    "location": "International, King County",
    "salary_min": 170585.08,
    "salary_max": 170585.08,
    "salary_currency": "USD",
    "employment_type": "Full-time",
    "experience_level": "Mid-level",
    "skills": "AI",
    "description": "Job Description The Oracle Cloud Infrastructure Compute team is seeking a passionate, experienced Principal Data Scientist to tackle complex technical challenges of the Compute and AI Infrastructure, building sophisticated analytical and optimization system to drive infrastructure optimization and efficiency improvements through data analysis, AI/ML/DL modeling and data visualization. As OCI continues to scale to the demand of an ever-growing customer base and regions, we need hands-on scientis…",
    "posted_date": "2025-09-17T19:22:13Z",
    "application_url": "https://www.adzuna.com/land/ad/5404201248?se=SrRefziZ8BGhTLTjTRWxFQ&utm_medium=api&utm_source=f629e1cc&v=3998CFF34F33E34CDB7608F750F8D118432BCA32",
    "remote_ok": 0
  },
  {
    "title": "Data Scientist III",
    "company": "Chewy",
    "location": "Bellevue, King County",
    "salary_min": 151438.47,
    "salary_max": 151438.47,
    "salary_currency": "USD",
    "employment_type": "Full-time",
    "experience_level": "Mid-level",
    "skills": "Machine Learning, AI",
    "description": "Our Opportunity: Do you want to build AI solutions that directly impact the company's bottom line? Do you want to see how your models, pipelines, and prototypes shape decision-making at the highest level? If so, the Chewy Marketing Science team is hiring! We use advanced AI, machine learning, statistics to understand and serve the needs of our pet parents. As part of the Marketing Science team, you will solve a wide range of business problems for marketing and Chewy customers-spanning predictiv…",
    "posted_date": "2025-09-09T18:06:41Z",
    "application_url": "https://www.adzuna.com/land/ad/5391537884?se=SrRefziZ8BGhTLTjTRWxFQ&utm_medium=api&utm_source=f629e1cc&v=0E52C70BACA3AFDC67C08AA3F6A1C6B3D614D9C7",
    "remote_ok": 0
  },
  {
    "title": "Senior Data Scientist",
    "company": "Amazon",
    "location": "International, King County",
    "salary_min": 181641.95,
    "salary_max": 181641.95,
    "salary_currency": "USD",
    "employment_type": "Full-time",
    "experience_level": "Mid-level",
    "skills": "AI",
    "description": "Senior Data Scientist @ Twitch Seattle, WA About Us Twitch is the world's biggest live streaming service, with global communities built around gaming, entertainment, music, sports, cooking, and more. It is where thousands of communities come together for whatever, every day. We're about community, inside and out. You'll find coworkers who are eager to team up, collaborate, and smash (or elegantly solve) problems together. We're on a quest to empower live communities, so if this sounds good to y…",
    "posted_date": "2025-09-23T19:19:43Z",
    "application_url": "https://www.adzuna.com/land/ad/5413060886?se=SrRefziZ8BGhTLTjTRWxFQ&utm_medium=api&utm_source=f629e1cc&v=4A3FBACE11B1CB43849EED6839FA43D2A2738DD8",
    "remote_ok": 0
  },
  {
    "title": "Staff, Data Scientist",
    "company": "Walmart",
    "location": "Bellevue, King County",
    "salary_min": 171910.53,
    "salary_max": 171910.53,
    "salary_currency": "USD",
    "employment_type": "Full-time",
    "experience_level": "Mid-level",
    "skills": "",
    "description": "Position Summary What you'll do Position Summary Walmart's Enterprise Business Services (EBS) is a powerhouse of seven exceptional teams delivering world-class technology solutions and services making a profound impact at every level of Walmart. As a key part of Walmart Global Tech, our teams set the bar for operational excellence and leverage emerging technology to support millions of customers, associates, and stakeholders worldwide. Joining EBS means embarking on a journey of limitless growt…",
    "posted_date": "2025-08-26T17:45:37Z",
    "application_url": "https://www.adzuna.com/land/ad/5369651283?se=SrRefziZ8BGhTLTjTRWxFQ&utm_medium=api&utm_source=f629e1cc&v=6C87CEABA55593DBE4A5C52844E10A2FFEC56EC6",
    "remote_ok": 0
  },
  {
    "title": "Staff Data Scientist",
    "company": "GE Vernova",
    "location": "Bellevue, King County",
    "salary_min": 112470.2,
    "salary_max": 112470.2,
    "salary_currency": "USD",
    "employment_type": "Full-time",
    "experience_level": "Mid-level",
    "skills": "Machine Learning",
    "description": "Job Description Summary Job Description Essential Functions / Responsibilities: Responsible for contributing to the development and deployment of modern machine learning, operational research, semantic analysis, and statistical methods for finding structure in large data sets. Develop analytics to address customer needs and opportunities. Work with software developers and software engineers to translate algorithms into commercially viable products and services. Work in technical teams in develo…",
    "posted_date": "2025-08-30T17:48:57Z",
    "application_url": "https://www.adzuna.com/land/ad/5375774339?se=SrRefziZ8BGhTLTjTRWxFQ&utm_medium=api&utm_source=f629e1cc&v=2DBD3353EB944E0E51F2477B9B12D0477BED5D63",
    "remote_ok": 0
  },
  {
    "title": "DevOps Engineer",
    "company": "Cardinal Health",
    "location": "Tarrytown, Travis County",
    "salary_min": 88644.16,
    "salary_max": 88644.16,
    "salary_currency": "USD",
    "employment_type": "Full-time",
    "experience_level": "Mid-level",
    "skills": "",
    "description": "What DevOps engineer contributes to Cardinal Health Information Technology oversees the effective development, delivery, and operation of computing and information services. This function anticipates, plans, and delivers Information. The DevOps engineer reports to the DevOps manager. The engineer works closely with software engineers, QA teams and other DevOps engineers to manage the project knowledge base and implement solutions for Cardinal's software platforms. The engineer carries out build…",
    "posted_date": "2025-08-22T09:24:42Z",
    "application_url": "https://www.adzuna.com/details/5363596908?utm_medium=api&utm_source=f629e1cc",
    "remote_ok": 0
  },
  {
    "title": "DevOps Engineer",
    "company": "Eliassen Group",
    "location": "Tarrytown, Travis County",
    "salary_min": 121351.05,
    "salary_max": 121351.05,
    "salary_currency": "USD",
    "employment_type": "Full-time",
    "experience_level": "Mid-level",
    "skills": "",
    "description": "DevOps Engineer Anywhere Type: Contract-to-Hire Category: DevOps Industry: Government Workplace Type: Remote Reference ID: JN -092025-103578 Date Posted: 09/07/2025 Shortcut: http://careers.eliassen.com/XrDOEt  Description  Recommended Jobs Description: We are seeking a skilled DevOps Engineer with a strong background in backend engineering, specializing in application deployment, automated continuous integration testing, and performance monitoring. The ideal candidate will ensure the visibilit…",
    "posted_date": "2025-09-23T14:59:58Z",
    "application_url": "https://www.adzuna.com/details/5412398528?utm_medium=api&utm_source=f629e1cc",
    "remote_ok": 1
  },
  {
    "title": "DevOps Engineer",
    "company": "CACI International",
    "location": "Tarrytown, Travis County",
    "salary_min": 139011.89,
    "salary_max": 139011.89,
    "salary_currency": "USD",
    "employment_type": "Full-time",
    "experience_level": "Mid-level",
    "skills": "",
    "description": "DevOps Engineer Job Category: Engineering Time Type: Full time Minimum Clearance Required to Start: None Employee Type: Regular Percentage of Travel Required: Up to 10% Type of Travel: Local * * * The Opportunity: As a Senior DevOps Engineer, you will be part of an Agile development team where you will support the design, development, modification, and evaluation of signals intelligence, radar, and communications prototype development systems, related software systems, and development environme…",
    "posted_date": "2025-08-22T09:25:32Z",
    "application_url": "https://www.adzuna.com/details/5363609365?utm_medium=api&utm_source=f629e1cc",
    "remote_ok": 0
  },
  {
    "title": "DevOps Engineer",
    "company": "Silktide",
    "location": "Austin, Travis County",
    "salary_min": 100000,
    "salary_max": 150000,
    "salary_currency": "USD",
    "employment_type": "Full-time",
    "experience_level": "Mid-level",
    "skills": "Kubernetes, CI/CD, AI",
    "description": "Want to build the future faster than most people think reasonable? We need DevOps Engineers to help us transform how people interact with the web . We’re a fast‑growing, profitable, self‑funded SaaS platform with 4.8★ customer love and a 4.9★ team score . Right now we’re building the next generation of our platform to capitalize on what modern AI can do What you’ll build Streamlined CI/CD pipelines to ship code safer, faster, and more often Highly available Kubernetes clusters powering real-tim…",
    "posted_date": "2025-08-07T15:53:54Z",
    "application_url": "https://www.adzuna.com/details/5342272753?utm_medium=api&utm_source=f629e1cc",
    "remote_ok": 0
  },
  {
    "title": "DevOps Engineer",
    "company": "Robert Half",
    "location": "Tarrytown, Travis County",
    "salary_min": 111818.56,
    "salary_max": 111818.56,
    "salary_currency": "USD",
    "employment_type": "Full-time",
    "experience_level": "Mid-level",
    "skills": "CI/CD, AI",
    "description": "Description Robert Half is actively partnering with an Austin-based client to hire a DevOps Engineer (contract). Please note, that this is a hybrid role and will require 3-days onsite per week. The ideal applicant will be responsible for managing development operations and IT infrastructure. Key Responsibilities:  Design, implement, and maintain CI/CD pipelines to enable release of software updates.  Utilize infrastructure-as-code (IaC) to automate the provisioning, configuration, and managemen…",
    "posted_date": "2025-09-18T14:37:57Z",
    "application_url": "https://www.adzuna.com/details/5405060858?utm_medium=api&utm_source=f629e1cc",
    "remote_ok": 0
  },
  {
    "title": "DevOps Engineer",
    "company": "DXC Technology",
    "location": "Tarrytown, Travis County",
    "salary_min": 132509.52,
    "salary_max": 132509.52,
    "salary_currency": "USD",
    "employment_type": "Full-time",
    "experience_level": "Mid-level",
    "skills": "AI",
    "description": "Job Description: We are seeking a skilled DevOps Engineer to join our team and help build, maintain, and optimize our cloud infrastructure and deployment pipelines. In this role, you will be responsible for creating and managing the environments that power our platform, ensuring reliability, security, scalability, and operational excellence across our technology stack. We value candidates who have a strong automation mindset and can identify opportunities to streamline processes and create repr…",
    "posted_date": "2025-09-14T14:40:54Z",
    "application_url": "https://www.adzuna.com/details/5399279392?utm_medium=api&utm_source=f629e1cc",
    "remote_ok": 0
  },
  {
    "title": "DevOps Engineer",
    "company": "Saronic",
    "location": "Austin, Travis County",
    "salary_min": 91390.9,
    "salary_max": 91390.9,
    "salary_currency": "USD",
    "employment_type": "Full-time",
    "experience_level": "Mid-level",
    "skills": "CI/CD, AI",
    "description": "Saronic Technologies is a leader in revolutionizing defense autonomy at sea, dedicated to developing state-of-the-art solutions that enhance maritime operations for the Department of Defense (DoD) through autonomous and intelligent platforms. Job Overview: We are seeking a DevOps Engineer responsible for managing development operations and IT infrastructure to support our rapid growth. Responsibilities: Continuous Integration and Deployment: Design, implement, and maintain robust CI/CD pipeline…",
    "posted_date": "2025-06-22T08:29:14Z",
    "application_url": "https://www.adzuna.com/details/5262850791?utm_medium=api&utm_source=f629e1cc",
    "remote_ok": 0
  },
  {
    "title": "DevOps Engineer",
    "company": "Evolent",
    "location": "Tarrytown, Travis County",
    "salary_min": 96685.57,
    "salary_max": 96685.57,
    "salary_currency": "USD",
    "employment_type": "Full-time",
    "experience_level": "Mid-level",
    "skills": "",
    "description": "Your Future Evolves Here Evolent partners with health plans and providers to achieve better outcomes for people with most complex and costly health conditions. Working across specialties and primary care, we seek to connect the pieces of fragmented health care system and ensure people get the same level of care and compassion we would want for our loved ones. Evolent employees enjoy work/life balance, the flexibility to suit their work to their lives, and autonomy they need to get things done. …",
    "posted_date": "2025-09-10T10:02:18Z",
    "application_url": "https://www.adzuna.com/details/5392393429?utm_medium=api&utm_source=f629e1cc",
    "remote_ok": 0
  },
  {
    "title": "DevOps Engineer",
    "company": "Zoom",
    "location": "Tarrytown, Travis County",
    "salary_min": 169804.2,
    "salary_max": 169804.2,
    "salary_currency": "USD",
    "employment_type": "Full-time",
    "experience_level": "Mid-level",
    "skills": "AWS, Kubernetes, Linux, CI/CD, AI",
    "description": "What you can expect As a DevOps Infrastructure Engineer, you will design and implement zero-downtime solutions to maintain exceptional service availability while managing disaster recovery across regional datacenters. You'll participate in on-call rotation every 8 to 9 weeks using Linux, AWS, and automation tools for troubleshooting and CI/CD implementation. This role offers exciting growth opportunities to work with cutting-edge technologies like ELK stack, Kubernetes, and large-scale distribu…",
    "posted_date": "2025-08-22T09:29:39Z",
    "application_url": "https://www.adzuna.com/details/5363695868?utm_medium=api&utm_source=f629e1cc",
    "remote_ok": 0
  },
  {
    "title": "DevOps Engineer",
    "company": "Chorus Innovations",
    "location": "Austin, Travis County",
    "salary_min": 72157.15,
    "salary_max": 72157.15,
    "salary_currency": "USD",
    "employment_type": "Full-time",
    "experience_level": "Mid-level",
    "skills": "",
    "description": "Disability Accommodation for Applicants to Chorus Innovations At Chorus Innovations, we are committed to fostering an inclusive and accessible workplace environment for all individuals, including job applicants with disabilities. We recognize the value that individuals with diverse abilities bring to our organization and are dedicated to providing equal opportunities for all applicants. If you require accommodations at any stage of the job application process due to a disability, please inform …",
    "posted_date": "2025-08-03T16:38:47Z",
    "application_url": "https://www.adzuna.com/details/5336368266?utm_medium=api&utm_source=f629e1cc",
    "remote_ok": 0
  }
]
